<?xml version="1.0" encoding="UTF-8" ?>
<!DOCTYPE struts PUBLIC
    "-//Apache Software Foundation//DTD Struts Configuration 2.5//EN"
    "http://struts.apache.org/dtds/struts-2.5.dtd">
<struts>
	<package name="default" extends="struts-default">
		<action name="registeruser" class="demo.javapro.RegisterAction">
			<result name="REGISTER">/Register.jsp</result>
		</action>
		<action name="report" class="demo.javapro.ReportAction">
			<result name="REPORT">/viewdetails.jsp</result>
		</action>
		<action name="update" class="demo.javapro.UpdateAction">
			<result name="UPDATE">/edit.jsp</result>
		</action>
		<action name="delete" class="demo.javapro.DeleteAction">
			<result name="DELETE">/Delete.jsp</result>
		</action>
		
	</package>
</struts>